20, Private,137618, Some-college,10, Never-married, Transport-moving, Own-child, White, Male,0,0,35, United-States
17, Private,160029, 11th,7, Never-married, Other-service, Other-relative, White, Female,0,0,22, United-States
43, Private,178780, Some-college,10, Married-civ-spouse, Exec-managerial, Husband, White, Male,0,0,49, United-States
19, Private,39756, Some-college,10, Never-married, Other-service, Own-child, White, Female,0,0,15, United-States
37, Private,35309, HS-grad,9, Married-civ-spouse, Craft-repair, Husband, White, Male,0,0,40, United-States
51, Private,117253, HS-grad,9, Widowed, Prof-specialty, Unmarried, White, Female,0,0,40, United-States
40, Local-gov,303212, Bachelors,13, Married-civ-spouse, Prof-specialty, Husband, White, Male,0,0,40, United-States
31, Private,342019, Assoc-acdm,12, Married-civ-spouse, Prof-specialty, Husband, White, Male,0,0,40, United-States
59, Private,126668, Assoc-voc,11, Married-civ-spouse, Prof-specialty, Husband, White, Male,5178,0,50, United-States
27, Private,401508, HS-grad,9, Never-married, Other-service, Unmarried, Black, Female,0,0,40, United-States
40, Private,25005, Bachelors,13, Married-civ-spouse, Prof-specialty, Husband, White, Male,15024,0,99, United-States
30, Self-emp-not-inc,85708, HS-grad,9, Married-civ-spouse, Craft-repair, Husband, White, Male,0,0,40, United-States
28, Private,115677, Assoc-acdm,12, Never-married, Adm-clerical, Own-child, White, Male,0,0,32, United-States
25, Private,144259, HS-grad,9, Never-married, Craft-repair, Own-child, Black, Male,0,0,50, United-States
22, Private,197583, Bachelors,13, Never-married, Sales, Not-in-family, White, Female,0,0,20, United-States
21, State-gov,142766, Some-college,10, Never-married, Exec-managerial, Own-child, White, Male,0,0,40, United-States
35, Self-emp-inc,185621, Bachelors,13, Never-married, Exec-managerial, Not-in-family, White, Female,0,0,60, United-States
54, Local-gov,29887, HS-grad,9, Married-civ-spouse, Exec-managerial, Husband, White, Male,0,0,56, United-States
36, Private,117381, HS-grad,9, Married-civ-spouse, Machine-op-inspct, Husband, White, Male,0,0,40, United-States
29, Private,211482, Bachelors,13, Married-civ-spouse, Sales, Husband, White, Male,0,0,40, United-States
32, Federal-gov,90653, HS-grad,9, Never-married, Exec-managerial, Unmarried, White, Female,0,1380,40, United-States
55, Private,209535, HS-grad,9, Divorced, Transport-moving, Not-in-family, White, Male,0,0,40, United-States
56, Federal-gov,187873, Masters,14, Divorced, Adm-clerical, Unmarried, White, Female,0,0,40, United-States
19, Private,174732, Some-college,10, Never-married, Other-service, Own-child, Black, Male,0,0,25, United-States
36, Private,297847, HS-grad,9, Never-married, Other-service, Not-in-family, Black, Female,0,2001,40, United-States
58, Private,110213, HS-grad,9, Widowed, Adm-clerical, Not-in-family, White, Female,0,0,40, United-States
35, Private,162601, HS-grad,9, Divorced, Adm-clerical, Unmarried, White, Female,0,0,40, United-States
44, Private,108438, 10th,6, Separated, Machine-op-inspct, Unmarried, Black, Female,0,0,40, United-States
40, Self-emp-inc,132222, HS-grad,9, Married-civ-spouse, Exec-managerial, Husband, White, Male,0,0,40, United-States
18, Private,174394, HS-grad,9, Never-married, Other-service, Own-child, White, Female,0,0,20, United-States
71, Self-emp-not-inc,322789, HS-grad,9, Married-civ-spouse, Farming-fishing, Husband, Amer-Indian-Eskimo, Male,0,0,35, United-States
51, Federal-gov,72436, HS-grad,9, Married-civ-spouse, Exec-managerial, Husband, White, Male,0,0,57, United-States
20, Private,190273, 12th,8, Never-married, Other-service, Own-child, White, Male,0,0,35, United-States
34, Private,140571, Assoc-voc,11, Divorced, Tech-support, Unmarried, Black, Female,0,0,40, United-States
28, Private,584790, Assoc-voc,11, Married-civ-spouse, Other-service, Husband, White, Male,0,0,40, United-States
42, Private,192569, Prof-school,15, Divorced, Prof-specialty, Not-in-family, White, Female,0,0,39, United-States
31, Local-gov,158291, Bachelors,13, Never-married, Craft-repair, Not-in-family, White, Male,8614,0,40, United-States
22, Private,192455, HS-grad,9, Never-married, Adm-clerical, Unmarried, White, Female,0,0,40, United-States
36, Private,317040, Assoc-voc,11, Divorced, Adm-clerical, Unmarried, Black, Female,0,0,54, United-States
36, Private,218689, Masters,14, Married-civ-spouse, Sales, Husband, White, Male,0,1977,50, United-States
17, Private,116626, 11th,7, Never-married, Handlers-cleaners, Own-child, White, Male,0,1719,18, United-States
30, Federal-gov,48458, Some-college,10, Never-married, Adm-clerical, Own-child, Black, Female,0,0,40, United-States
35, Self-emp-not-inc,241469, 9th,5, Married-civ-spouse, Craft-repair, Husband, White, Male,2635,0,30, United-States
32, Private,167990, Masters,14, Never-married, Exec-managerial, Not-in-family, White, Male,14084,0,40, United-States
42, Private,261929, Bachelors,13, Married-civ-spouse, Exec-managerial, Husband, White, Male,7688,0,40, United-States
54, Private,425804, Some-college,10, Never-married, Exec-managerial, Not-in-family, White, Female,0,0,45, United-States
36, Private,33394, Bachelors,13, Married-civ-spouse, Sales, Husband, White, Male,0,1887,35, United-States
58, Private,72812, 10th,6, Never-married, Other-service, Not-in-family, White, Male,0,0,40, United-States
39, Private,89040, Assoc-voc,11, Married-civ-spouse, Other-service, Husband, White, Male,0,0,40, United-States
62, Local-gov,164518, HS-grad,9, Widowed, Adm-clerical, Not-in-family, White, Female,0,0,38, United-States
51, Private,182740, HS-grad,9, Divorced, Prof-specialty, Unmarried, White, Male,0,0,40, United-States
52, Private,361875, Some-college,10, Divorced, Exec-managerial, Not-in-family, White, Female,0,0,50, United-States
25, Private,197130, HS-grad,9, Never-married, Sales, Own-child, White, Female,0,0,30, United-States
26, Private,340335, Bachelors,13, Never-married, Adm-clerical, Not-in-family, White, Female,0,0,40, United-States
26, Private,293984, 10th,6, Married-civ-spouse, Craft-repair, Own-child, Black, Male,0,0,40, United-States
21, Private,170302, HS-grad,9, Never-married, Farming-fishing, Other-relative, White, Male,0,0,50, United-States
45, Private,481987, Masters,14, Married-civ-spouse, Tech-support, Husband, White, Male,0,0,18, United-States
26, Private,88449, HS-grad,9, Married-civ-spouse, Craft-repair, Husband, White, Male,0,0,36, United-States
68, Self-emp-not-inc,261897, 10th,6, Widowed, Farming-fishing, Unmarried, White, Male,0,0,20, United-States
60, Private,250552, HS-grad,9, Married-civ-spouse, Other-service, Husband, White, Male,0,0,40, United-States
65, Private,88513, HS-grad,9, Married-civ-spouse, Sales, Husband, White, Male,0,0,18, United-States
41, Private,168293, Masters,14, Divorced, Exec-managerial, Unmarried, White, Female,0,0,45, United-States
34, Private,283921, HS-grad,9, Married-civ-spouse, Transport-moving, Husband, White, Male,0,0,50, United-States
28, Private,407043, HS-grad,9, Married-civ-spouse, Adm-clerical, Husband, Black, Male,0,0,40, United-States
40, Private,63745, Assoc-voc,11, Never-married, Adm-clerical, Not-in-family, White, Female,0,0,40, United-States
57, Private,49893, Masters,14, Married-civ-spouse, Prof-specialty, Husband, White, Male,0,0,60, United-States
37, Private,241962, 11th,7, Married-civ-spouse, Craft-repair, Husband, White, Male,0,0,50, United-States
34, Private,338416, 10th,6, Divorced, Machine-op-inspct, Not-in-family, Black, Male,0,0,60, United-States
57, Federal-gov,310320, Bachelors,13, Married-civ-spouse, Tech-support, Husband, White, Male,0,0,48, United-States
55, Private,359972, Bachelors,13, Married-civ-spouse, Exec-managerial, Husband, White, Male,0,1887,40, United-States
56, Private,125000, Bachelors,13, Married-civ-spouse, Adm-clerical, Husband, White, Male,0,0,40, United-States
32, Private,286675, Some-college,10, Never-married, Exec-managerial, Not-in-family, White, Male,0,0,60, United-States
18, Private,165532, Some-college,10, Never-married, Sales, Own-child, White, Male,0,0,15, United-States
48, Private,349986, Assoc-voc,11, Married-spouse-absent, Prof-specialty, Not-in-family, White, Male,0,0,40, United-States
33, Private,183612, HS-grad,9, Married-civ-spouse, Transport-moving, Husband, White, Male,0,0,20, United-States
33, Private,391114, HS-grad,9, Never-married, Handlers-cleaners, Own-child, White, Male,0,0,40, United-States
46, Self-emp-inc,320124, HS-grad,9, Married-civ-spouse, Exec-managerial, Wife, Amer-Indian-Eskimo, Female,15024,0,40, United-States
40, Private,799281, HS-grad,9, Divorced, Adm-clerical, Unmarried, White, Female,0,0,38, United-States
31, State-gov,373432, Bachelors,13, Married-civ-spouse, Prof-specialty, Husband, White, Male,7298,0,55, United-States
51, Private,168660, 11th,7, Married-civ-spouse, Handlers-cleaners, Husband, White, Male,0,0,40, United-States
44, Private,191149, Some-college,10, Divorced, Adm-clerical, Unmarried, White, Female,0,0,57, United-States
37, Private,356824, HS-grad,9, Separated, Tech-support, Unmarried, White, Female,0,0,40, United-States
25, Private,191782, 11th,7, Never-married, Machine-op-inspct, Own-child, Black, Female,0,0,40, United-States
63, Self-emp-not-inc,29859, 7th-8th,4, Married-civ-spouse, Farming-fishing, Husband, White, Male,7688,0,60, United-States
52, Private,204226, HS-grad,9, Divorced, Sales, Not-in-family, White, Male,0,0,45, United-States
42, Local-gov,246862, Some-college,10, Divorced, Tech-support, Not-in-family, White, Female,3325,0,40, United-States
28, Private,496526, HS-grad,9, Never-married, Adm-clerical, Not-in-family, White, Female,0,0,40, United-States
30, Private,426431, Masters,14, Never-married, Prof-specialty, Not-in-family, White, Male,10520,0,40, United-States
34, Private,84154, Bachelors,13, Married-civ-spouse, Sales, Husband, White, Male,0,0,50, United-States
37, Federal-gov,45937, Assoc-acdm,12, Married-civ-spouse, Exec-managerial, Wife, White, Female,0,0,40, United-States
31, Private,130021, HS-grad,9, Married-civ-spouse, Machine-op-inspct, Husband, White, Male,0,0,45, United-States
35, Private,63021, Some-college,10, Divorced, Sales, Not-in-family, White, Female,0,0,35, United-States
25, Private,367306, Some-college,10, Never-married, Adm-clerical, Own-child, White, Female,0,0,40, United-States
38, Private,65624, HS-grad,9, Divorced, Exec-managerial, Not-in-family, White, Male,0,0,40, United-States
43, Self-emp-not-inc,144928, HS-grad,9, Never-married, Farming-fishing, Not-in-family, White, Male,0,0,60, United-States
18, Private,266681, 11th,7, Never-married, Other-service, Own-child, White, Male,0,0,20, United-States
26, Private,152035, HS-grad,9, Never-married, Adm-clerical, Not-in-family, White, Female,0,0,40, United-States
36, Private,190023, HS-grad,9, Married-civ-spouse, Transport-moving, Husband, White, Male,0,0,60, United-States
43, Private,233130, HS-grad,9, Divorced, Sales, Not-in-family, White, Male,0,0,20, United-States
21, Private,149637, Some-college,10, Never-married, Adm-clerical, Not-in-family, White, Female,0,0,25, United-States
62, Federal-gov,224277, Some-college,10, Widowed, Protective-serv, Not-in-family, White, Female,0,0,40, United-States
26, Private,121559, HS-grad,9, Married-civ-spouse, Craft-repair, Husband, White, Male,0,0,40, United-States
54, Self-emp-not-inc,230951, Bachelors,13, Married-civ-spouse, Exec-managerial, Husband, White, Male,0,0,40, United-States
18, Private,345285, 11th,7, Never-married, Sales, Own-child, White, Female,0,0,20, United-States
65, Self-emp-not-inc,28367, HS-grad,9, Married-civ-spouse, Sales, Husband, White, Male,0,0,55, United-States
41, Private,320744, HS-grad,9, Never-married, Craft-repair, Not-in-family, White, Male,3325,0,50, United-States
31, Private,243773, 9th,5, Never-married, Other-service, Unmarried, White, Female,0,0,20, United-States
56, Private,151474, 9th,5, Divorced, Sales, Unmarried, White, Female,0,0,40, United-States
50, Private,135465, Bachelors,13, Married-civ-spouse, Exec-managerial, Husband, White, Male,0,0,50, United-States
22, Private,210781, Bachelors,13, Never-married, Adm-clerical, Own-child, White, Female,0,0,35, United-States
36, Local-gov,359001, Some-college,10, Married-civ-spouse, Protective-serv, Husband, White, Male,0,0,48, United-States
30, Private,226396, HS-grad,9, Married-civ-spouse, Other-service, Wife, White, Female,0,0,30, United-States
35, Private,283122, Some-college,10, Married-civ-spouse, Tech-support, Husband, White, Male,0,0,45, United-States
37, Self-emp-not-inc,326400, HS-grad,9, Married-civ-spouse, Transport-moving, Husband, White, Male,0,0,30, United-States
56, Private,158752, Masters,14, Married-civ-spouse, Exec-managerial, Wife, White, Female,0,0,50, United-States
41, Private,96741, Assoc-acdm,12, Divorced, Sales, Unmarried, White, Male,0,0,40, United-States
38, State-gov,255191, HS-grad,9, Never-married, Other-service, Not-in-family, White, Male,0,0,40, United-States
54, State-gov,137815, 12th,8, Never-married, Other-service, Own-child, White, Male,4101,0,40, United-States
42, Private,168515, Assoc-voc,11, Divorced, Prof-specialty, Not-in-family, White, Female,0,0,40, United-States
33, Private,122672, HS-grad,9, Married-civ-spouse, Farming-fishing, Husband, White, Male,0,0,50, United-States
21, Private,195199, HS-grad,9, Never-married, Prof-specialty, Own-child, White, Female,0,0,30, United-States
69, Local-gov,179813, 10th,6, Married-civ-spouse, Transport-moving, Husband, White, Male,0,0,10, United-States
50, Private,41890, HS-grad,9, Married-civ-spouse, Craft-repair, Husband, White, Male,0,0,40, United-States
45, Private,80430, HS-grad,9, Divorced, Other-service, Not-in-family, White, Female,0,0,40, United-States
31, Private,198613, HS-grad,9, Married-civ-spouse, Adm-clerical, Husband, White, Male,0,0,35, United-States
24, Private,330571, Bachelors,13, Married-civ-spouse, Prof-specialty, Wife, White, Female,0,0,40, United-States
28, Private,209205, Bachelors,13, Never-married, Prof-specialty, Not-in-family, White, Male,0,0,60, United-States
21, Private,132243, Assoc-acdm,12, Never-married, Other-service, Own-child, White, Female,0,0,5, United-States
43, Self-emp-not-inc,237670, Assoc-voc,11, Divorced, Exec-managerial, Not-in-family, White, Male,0,0,25, United-States
22, Private,193586, HS-grad,9, Never-married, Sales, Not-in-family, White, Female,0,0,25, United-States
62, Self-emp-not-inc,197353, HS-grad,9, Married-civ-spouse, Craft-repair, Husband, White, Male,0,1740,40, United-States
21, Self-emp-not-inc,74538, Some-college,10, Never-married, Tech-support, Not-in-family, White, Male,0,0,25, United-States
37, Private,89718, Some-college,10, Married-civ-spouse, Transport-moving, Husband, White, Male,0,0,45, United-States
34, Private,93169, Some-college,10, Divorced, Other-service, Unmarried, Black, Female,0,0,40, United-States
74, Self-emp-not-inc,292915, Bachelors,13, Married-civ-spouse, Exec-managerial, Husband, White, Male,0,1825,12, United-States
43, Private,328570, Some-college,10, Divorced, Machine-op-inspct, Unmarried, Black, Female,0,0,38, United-States
25, Private,312157, Some-college,10, Never-married, Prof-specialty, Not-in-family, White, Female,0,0,40, United-States
43, Private,193459, 11th,7, Married-civ-spouse, Handlers-cleaners, Husband, White, Male,0,0,40, United-States
23, Private,236804, 11th,7, Married-civ-spouse, Other-service, Husband, White, Male,0,0,40, United-States
33, Private,126223, HS-grad,9, Separated, Machine-op-inspct, Unmarried, Black, Female,0,0,40, United-States
51, State-gov,172281, Bachelors,13, Married-civ-spouse, Exec-managerial, Husband, White, Male,0,0,35, United-States
35, Private,331395, Some-college,10, Never-married, Exec-managerial, Not-in-family, White, Male,0,0,50, United-States
69, Self-emp-not-inc,92472, 10th,6, Married-spouse-absent, Farming-fishing, Not-in-family, White, Male,3273,0,45, United-States
32, Private,318647, Bachelors,13, Married-civ-spouse, Exec-managerial, Husband, White, Male,0,0,48, United-States
20, Private,332931, Some-college,10, Never-married, Other-service, Own-child, White, Female,0,0,40, United-States
66, Self-emp-inc,76212, HS-grad,9, Married-civ-spouse, Transport-moving, Husband, White, Male,0,0,50, United-States
22, Private,440969, Some-college,10, Never-married, Other-service, Own-child, White, Female,0,0,24, United-States
32, Private,154950, Prof-school,15, Never-married, Prof-specialty, Not-in-family, White, Male,0,0,40, United-States
23, Private,218343, Assoc-acdm,12, Never-married, Sales, Own-child, White, Female,0,0,40, United-States
21, Private,239577, Some-college,10, Never-married, Adm-clerical, Own-child, White, Male,0,0,40, United-States
62, Local-gov,203525, 7th-8th,4, Married-civ-spouse, Craft-repair, Husband, White, Male,2829,0,40, United-States
24, Private,182342, HS-grad,9, Never-married, Handlers-cleaners, Not-in-family, White, Male,0,0,40, United-States
45, Private,25649, Some-college,10, Married-civ-spouse, Transport-moving, Husband, White, Male,7298,0,50, United-States
27, Private,243569, 11th,7, Married-civ-spouse, Handlers-cleaners, Husband, White, Male,3942,0,40, United-States
38, Private,187870, Prof-school,15, Married-civ-spouse, Prof-specialty, Husband, White, Male,0,2415,90, United-States
30, Private,487330, Some-college,10, Married-civ-spouse, Machine-op-inspct, Husband, White, Male,0,0,30, United-States
21, Self-emp-not-inc,318987, Assoc-voc,11, Married-civ-spouse, Farming-fishing, Husband, White, Male,0,0,40, United-States
56, Self-emp-not-inc,140558, HS-grad,9, Married-civ-spouse, Sales, Husband, White, Male,0,0,40, United-States
59, Local-gov,303455, Masters,14, Widowed, Prof-specialty, Unmarried, White, Female,4787,0,60, United-States
37, Self-emp-not-inc,76855, Some-college,10, Divorced, Exec-managerial, Unmarried, White, Female,0,0,40, United-States
52, Private,308764, Some-college,10, Divorced, Exec-managerial, Unmarried, White, Female,0,0,40, United-States
50, Federal-gov,339905, Some-college,10, Married-civ-spouse, Exec-managerial, Husband, White, Male,0,0,40, United-States
55, Private,227856, Bachelors,13, Married-civ-spouse, Exec-managerial, Husband, White, Male,7298,0,60, United-States
55, Private,156430, Bachelors,13, Married-civ-spouse, Prof-specialty, Husband, White, Male,0,0,40, United-States
72, Private,116640, Some-college,10, Married-civ-spouse, Prof-specialty, Husband, White, Male,3471,0,20, United-States
39, Private,187167, Some-college,10, Divorced, Exec-managerial, Not-in-family, White, Female,0,0,40, United-States
28, Private,184078, 12th,8, Divorced, Machine-op-inspct, Not-in-family, White, Female,0,0,40, United-States
38, Private,108140, Bachelors,13, Divorced, Tech-support, Other-relative, White, Male,0,0,40, United-States
44, Private,150533, Some-college,10, Separated, Craft-repair, Not-in-family, White, Male,0,1876,55, United-States
51, Self-emp-not-inc,313702, HS-grad,9, Never-married, Sales, Not-in-family, White, Male,0,0,40, United-States
20, Private,39803, Some-college,10, Never-married, Other-service, Own-child, White, Male,0,1719,36, United-States
25, Private,252752, Some-college,10, Never-married, Transport-moving, Not-in-family, White, Female,0,0,45, United-States
52, Private,111700, Some-college,10, Divorced, Sales, Other-relative, White, Female,0,0,20, United-States
45, Private,361842, HS-grad,9, Widowed, Craft-repair, Not-in-family, White, Female,0,0,40, United-States
17, Private,231438, 11th,7, Never-married, Adm-clerical, Own-child, White, Female,0,0,12, United-States
64, Local-gov,116620, Masters,14, Married-civ-spouse, Prof-specialty, Husband, White, Male,0,0,25, United-States
34, Private,112212, HS-grad,9, Married-civ-spouse, Adm-clerical, Husband, White, Male,0,1485,40, United-States
74, Self-emp-not-inc,109101, Some-college,10, Married-civ-spouse, Exec-managerial, Husband, White, Male,0,0,4, United-States
58, Federal-gov,72998, 11th,7, Divorced, Craft-repair, Not-in-family, Black, Female,14084,0,40, United-States
44, Private,147265, Masters,14, Married-civ-spouse, Prof-specialty, Husband, White, Male,0,0,40, United-States
23, State-gov,314645, Assoc-acdm,12, Never-married, Adm-clerical, Not-in-family, White, Female,0,0,25, United-States
23, Private,444554, HS-grad,9, Never-married, Handlers-cleaners, Own-child, White, Male,0,0,50, United-States
27, Private,129629, Assoc-voc,11, Never-married, Tech-support, Other-relative, White, Female,0,0,36, United-States
34, Private,106761, Bachelors,13, Married-civ-spouse, Sales, Husband, White, Male,0,0,45, United-States
18, Private,189924, HS-grad,9, Never-married, Sales, Own-child, White, Female,0,0,24, United-States
33, Private,311194, 11th,7, Never-married, Sales, Unmarried, Black, Female,0,0,17, United-States
50, Self-emp-not-inc,89737, Some-college,10, Married-civ-spouse, Craft-repair, Husband, White, Male,0,0,48, United-States
47, Private,49298, HS-grad,9, Divorced, Sales, Not-in-family, White, Male,0,0,50, United-States
50, Self-emp-inc,190333, Prof-school,15, Married-civ-spouse, Prof-specialty, Husband, White, Male,99999,0,55, United-States
18, Private,251923, 11th,7, Never-married, Sales, Own-child, White, Female,0,0,15, United-States
49, Local-gov,298445, Prof-school,15, Married-civ-spouse, Prof-specialty, Wife, White, Female,0,1977,60, United-States
34, Private,180284, Some-college,10, Married-civ-spouse, Handlers-cleaners, Husband, White, Male,0,0,50, United-States
51, Private,154342, Masters,14, Married-civ-spouse, Prof-specialty, Husband, White, Male,7688,0,45, United-States
56, State-gov,68658, Some-college,10, Married-civ-spouse, Exec-managerial, Husband, White, Male,0,0,40, United-States
64, Private,203783, HS-grad,9, Widowed, Adm-clerical, Unmarried, White, Female,0,0,8, United-States
23, Private,250037, Some-college,10, Never-married, Farming-fishing, Not-in-family, White, Female,0,0,50, United-States
33, Private,158688, Some-college,10, Married-civ-spouse, Transport-moving, Husband, White, Male,0,0,40, United-States
43, Private,214781, Masters,14, Married-civ-spouse, Exec-managerial, Husband, White, Male,0,0,45, United-States
60, Federal-gov,404023, HS-grad,9, Divorced, Exec-managerial, Not-in-family, White, Male,10520,0,40, United-States
57, State-gov,109015, 12th,8, Divorced, Other-service, Unmarried, White, Female,0,0,40, United-States
22, Private,194630, Bachelors,13, Never-married, Sales, Not-in-family, White, Male,0,0,45, United-States
23, Private,239375, Bachelors,13, Never-married, Machine-op-inspct, Own-child, White, Male,0,0,40, United-States
54, Private,35576, Some-college,10, Married-civ-spouse, Sales, Husband, White, Male,0,2415,50, United-States
39, Federal-gov,363630, HS-grad,9, Married-civ-spouse, Adm-clerical, Husband, Black, Male,7688,0,52, United-States
32, Self-emp-not-inc,182926, Masters,14, Never-married, Prof-specialty, Not-in-family, White, Male,0,0,40, United-States
20, Private,117222, Some-college,10, Never-married, Tech-support, Own-child, White, Male,0,0,15, United-States
30, Private,110643, Some-college,10, Never-married, Exec-managerial, Not-in-family, White, Male,0,0,52, United-States
56, Self-emp-not-inc,170217, HS-grad,9, Married-civ-spouse, Farming-fishing, Husband, White, Male,0,0,45, United-States
34, Private,193285, HS-grad,9, Married-civ-spouse, Handlers-cleaners, Husband, White, Male,0,0,40, United-States
32, Private,161075, HS-grad,9, Never-married, Craft-repair, Unmarried, White, Male,0,0,40, United-States
59, Private,322691, Masters,14, Married-civ-spouse, Prof-specialty, Husband, White, Male,0,0,50, United-States
19, Private,229431, Some-college,10, Never-married, Prof-specialty, Own-child, White, Male,0,0,11, United-States
29, Private,105694, HS-grad,9, Married-civ-spouse, Handlers-cleaners, Husband, White, Male,0,0,42, United-States
24, Private,199883, Some-college,10, Married-civ-spouse, Craft-repair, Husband, White, Male,0,0,60, United-States
41, State-gov,100800, Masters,14, Divorced, Prof-specialty, Not-in-family, White, Male,0,0,35, United-States
32, Private,156464, HS-grad,9, Married-civ-spouse, Sales, Husband, White, Male,0,1902,50, United-States
18, Private,285013, HS-grad,9, Never-married, Sales, Own-child, White, Male,0,0,10, United-States
38, Private,219902, HS-grad,9, Separated, Transport-moving, Unmarried, Black, Female,0,0,30, United-States
25, Private,169124, HS-grad,9, Married-civ-spouse, Transport-moving, Husband, White, Male,0,0,45, United-States
31, Private,183000, Prof-school,15, Never-married, Tech-support, Not-in-family, White, Male,0,0,55, United-States
34, Private,28053, Bachelors,13, Married-spouse-absent, Adm-clerical, Not-in-family, White, Female,0,0,25, United-States
34, Private,242984, HS-grad,9, Married-civ-spouse, Exec-managerial, Husband, White, Male,0,1887,45, United-States
66, State-gov,132055, HS-grad,9, Married-civ-spouse, Exec-managerial, Husband, White, Male,0,1825,40, United-States
62, Private,223975, 7th-8th,4, Married-civ-spouse, Prof-specialty, Husband, White, Male,0,0,20, United-States
58, Private,357788, HS-grad,9, Married-civ-spouse, Craft-repair, Husband, Black, Male,0,0,40, United-States
47, Private,140644, HS-grad,9, Married-civ-spouse, Exec-managerial, Husband, White, Male,0,0,40, United-States
19, Private,355477, HS-grad,9, Never-married, Other-service, Own-child, Black, Male,0,0,25, United-States
32, Private,151773, Some-college,10, Married-civ-spouse, Craft-repair, Husband, White, Male,0,0,45, United-States
51, State-gov,341548, Some-college,10, Divorced, Adm-clerical, Not-in-family, White, Female,0,0,40, United-States
25, Private,512771, 9th,5, Married-civ-spouse, Transport-moving, Husband, White, Male,0,0,45, United-States
22, Private,48988, Some-college,10, Never-married, Transport-moving, Not-in-family, White, Male,0,0,40, United-States
29, Private,201022, Bachelors,13, Married-civ-spouse, Exec-managerial, Wife, White, Female,0,0,50, United-States
20, Private,82777, HS-grad,9, Married-civ-spouse, Sales, Own-child, White, Male,0,0,40, United-States
18, Private,115815, HS-grad,9, Never-married, Machine-op-inspct, Own-child, White, Male,0,0,20, United-States
55, Private,89690, Bachelors,13, Divorced, Prof-specialty, Not-in-family, White, Female,0,0,40, United-States
40, Private,126868, HS-grad,9, Divorced, Machine-op-inspct, Not-in-family, Black, Male,0,0,40, United-States
52, Private,95128, Some-college,10, Divorced, Sales, Not-in-family, White, Male,0,0,50, United-States
37, Private,185567, HS-grad,9, Divorced, Machine-op-inspct, Unmarried, White, Male,0,0,40, United-States
21, Private,301408, Some-college,10, Never-married, Sales, Own-child, White, Female,0,1602,22, United-States
35, Private,216256, Assoc-voc,11, Never-married, Other-service, Not-in-family, White, Male,0,0,60, United-States
45, Private,182541, Some-college,10, Divorced, Machine-op-inspct, Unmarried, White, Male,0,0,48, United-States
39, Private,172855, HS-grad,9, Divorced, Adm-clerical, Unmarried, Black, Female,0,0,40, United-States
54, Private,68684, HS-grad,9, Married-civ-spouse, Craft-repair, Husband, White, Male,0,0,44, United-States
42, Private,364832, 7th-8th,4, Divorced, Sales, Not-in-family, White, Female,0,0,40, United-States
59, Self-emp-inc,349910, Assoc-acdm,12, Married-civ-spouse, Craft-repair, Husband, White, Male,0,0,40, United-States
42, Private,276218, HS-grad,9, Married-civ-spouse, Sales, Wife, White, Female,0,0,40, United-States
22, Private,251196, Some-college,10, Never-married, Protective-serv, Own-child, Black, Female,0,0,20, United-States
33, Private,196898, Bachelors,13, Never-married, Prof-specialty, Not-in-family, White, Female,0,0,40, United-States
39, Private,58343, Some-college,10, Married-civ-spouse, Machine-op-inspct, Husband, White, Male,0,0,40, United-States
18, Self-emp-inc,101061, 11th,7, Never-married, Farming-fishing, Own-child, White, Male,0,0,70, United-States
46, Private,415051, Some-college,10, Married-civ-spouse, Sales, Husband, Black, Male,0,0,60, United-States
24, Private,174043, Bachelors,13, Never-married, Other-service, Not-in-family, White, Male,0,0,40, United-States
21, State-gov,110946, HS-grad,9, Never-married, Adm-clerical, Own-child, White, Female,0,0,43, United-States
22, Private,313873, 11th,7, Never-married, Craft-repair, Own-child, White, Male,0,0,30, United-States
21, Private,191497, Some-college,10, Never-married, Sales, Own-child, White, Female,0,0,20, United-States
17, Private,128617, 10th,6, Never-married, Handlers-cleaners, Own-child, White, Male,0,0,26, United-States
28, Local-gov,263600, HS-grad,9, Married-civ-spouse, Protective-serv, Husband, White, Male,0,0,40, United-States
62, Private,257277, HS-grad,9, Widowed, Adm-clerical, Not-in-family, White, Female,0,0,38, United-States
39, Private,339442, HS-grad,9, Separated, Machine-op-inspct, Not-in-family, Black, Male,2176,0,40, United-States
30, Local-gov,289442, HS-grad,9, Never-married, Protective-serv, Not-in-family, White, Male,0,0,40, United-States
18, Local-gov,466325, 11th,7, Never-married, Adm-clerical, Own-child, White, Male,0,0,12, United-States
54, Private,142169, HS-grad,9, Never-married, Handlers-cleaners, Own-child, White, Male,0,0,40, United-States
49, Private,252079, Some-college,10, Married-civ-spouse, Transport-moving, Husband, White, Male,0,0,40, United-States
50, Private,175804, Bachelors,13, Married-civ-spouse, Sales, Husband, White, Male,0,0,40, United-States
57, Private,70720, HS-grad,9, Married-civ-spouse, Other-service, Husband, White, Male,0,0,78, United-States
50, State-gov,201513, HS-grad,9, Divorced, Adm-clerical, Own-child, White, Female,0,0,40, United-States
45, Private,257609, Bachelors,13, Married-civ-spouse, Exec-managerial, Husband, White, Male,0,0,40, United-States
41, Private,124692, Some-college,10, Married-civ-spouse, Exec-managerial, Own-child, White, Male,0,0,40, United-States
23, Private,268525, HS-grad,9, Married-civ-spouse, Machine-op-inspct, Husband, White, Male,0,0,48, United-States
23, Private,250630, Bachelors,13, Never-married, Sales, Not-in-family, White, Female,0,0,40, United-States
29, Private,250967, Assoc-voc,11, Married-civ-spouse, Machine-op-inspct, Husband, White, Male,0,1887,48, United-States
46, Private,153254, HS-grad,9, Married-civ-spouse, Machine-op-inspct, Husband, Black, Male,0,0,40, United-States
18, Private,362600, 5th-6th,3, Never-married, Handlers-cleaners, Own-child, White, Male,0,0,40, United-States
68, Private,171933, 7th-8th,4, Married-civ-spouse, Craft-repair, Husband, White, Male,0,0,40, United-States
62, Private,211408, Assoc-voc,11, Married-civ-spouse, Tech-support, Husband, White, Male,0,0,40, United-States
43, Private,48193, Assoc-acdm,12, Married-civ-spouse, Tech-support, Husband, White, Male,0,0,40, United-States
35, Private,22463, HS-grad,9, Married-civ-spouse, Craft-repair, Husband, White, Male,0,0,40, United-States
21, Private,440969, HS-grad,9, Never-married, Adm-clerical, Own-child, White, Female,0,0,40, United-States
21, State-gov,164922, Some-college,10, Never-married, Handlers-cleaners, Own-child, White, Male,0,0,40, United-States
41, Local-gov,134524, Assoc-voc,11, Divorced, Craft-repair, Unmarried, White, Female,0,0,45, United-States
61, Private,176689, HS-grad,9, Married-civ-spouse, Transport-moving, Husband, White, Male,0,0,40, United-States
24, Private,220993, HS-grad,9, Never-married, Craft-repair, Not-in-family, White, Male,0,0,50, United-States
21, Private,512828, HS-grad,9, Never-married, Protective-serv, Own-child, Black, Male,0,0,40, United-States
37, Local-gov,65291, Assoc-voc,11, Never-married, Protective-serv, Not-in-family, White, Female,0,0,40, United-States
69, Private,197080, 12th,8, Married-civ-spouse, Transport-moving, Husband, White, Male,9386,0,60, United-States
49, Federal-gov,181657, Some-college,10, Divorced, Exec-managerial, Not-in-family, White, Female,0,0,50, United-States
55, Private,190257, HS-grad,9, Married-civ-spouse, Farming-fishing, Husband, White, Male,0,0,53, United-States
21, Private,238068, HS-grad,9, Married-civ-spouse, Machine-op-inspct, Husband, White, Male,0,0,40, United-States
18, Private,337046, 10th,6, Never-married, Other-service, Own-child, White, Male,0,0,40, United-States
26, Private,187248, HS-grad,9, Married-civ-spouse, Prof-specialty, Not-in-family, Black, Male,0,0,40, United-States
46, Private,285750, HS-grad,9, Married-civ-spouse, Farming-fishing, Husband, White, Male,4064,0,55, United-States
23, Private,260617, 10th,6, Never-married, Craft-repair, Not-in-family, White, Male,0,0,40, United-States
48, Private,216999, HS-grad,9, Married-civ-spouse, Craft-repair, Husband, White, Male,0,0,40, United-States
36, Private,531055, HS-grad,9, Married-civ-spouse, Craft-repair, Husband, White, Male,0,1902,48, United-States
42, State-gov,121265, Masters,14, Divorced, Prof-specialty, Not-in-family, White, Male,0,0,40, United-States
41, Local-gov,184466, Masters,14, Married-civ-spouse, Prof-specialty, Husband, White, Male,0,0,38, United-States
52, Private,114228, HS-grad,9, Divorced, Craft-repair, Not-in-family, White, Male,3325,0,40, United-States
22, Local-gov,121144, Bachelors,13, Never-married, Prof-specialty, Own-child, Black, Female,0,0,18, United-States
20, Private,26842, Some-college,10, Never-married, Machine-op-inspct, Not-in-family, White, Female,2176,0,40, United-States
27, Private,113054, HS-grad,9, Separated, Machine-op-inspct, Not-in-family, White, Male,0,0,43, United-States
36, Private,256636, HS-grad,9, Divorced, Exec-managerial, Not-in-family, White, Male,0,0,40, United-States
34, Private,152246, HS-grad,9, Married-civ-spouse, Transport-moving, Husband, Amer-Indian-Eskimo, Male,0,0,52, United-States
38, Private,108140, Masters,14, Married-civ-spouse, Prof-specialty, Husband, White, Male,0,0,50, United-States
47, Private,207207, HS-grad,9, Divorced, Sales, Unmarried, White, Female,0,0,45, United-States
21, Private,115420, HS-grad,9, Married-civ-spouse, Craft-repair, Husband, White, Male,0,0,50, United-States
33, Private,80058, HS-grad,9, Never-married, Transport-moving, Not-in-family, White, Male,0,0,40, United-States
31, Local-gov,48520, Assoc-acdm,12, Never-married, Protective-serv, Unmarried, White, Male,0,0,40, United-States
46, Private,154405, 10th,6, Married-civ-spouse, Handlers-cleaners, Husband, Black, Male,0,0,45, United-States
55, Local-gov,104917, Masters,14, Married-civ-spouse, Prof-specialty, Husband, Black, Male,0,0,40, United-States
19, State-gov,261422, Some-college,10, Never-married, Prof-specialty, Own-child, White, Male,0,0,40, United-States
39, Private,48915, HS-grad,9, Married-civ-spouse, Machine-op-inspct, Husband, White, Male,0,0,40, United-States
61, Private,172037, HS-grad,9, Married-civ-spouse, Other-service, Husband, White, Male,0,0,40, United-States
28, Private,144833, Some-college,10, Married-civ-spouse, Handlers-cleaners, Husband, White, Male,0,0,40, United-States
28, Private,275116, 10th,6, Married-civ-spouse, Transport-moving, Husband, White, Male,0,0,40, United-States
61, Private,103575, HS-grad,9, Married-civ-spouse, Craft-repair, Husband, White, Male,0,0,37, United-States
54, Private,200783, Some-college,10, Married-civ-spouse, Sales, Husband, White, Male,0,0,40, United-States
37, Local-gov,44694, Masters,14, Married-civ-spouse, Prof-specialty, Wife, White, Female,0,0,45, United-States
56, Private,91905, HS-grad,9, Married-civ-spouse, Sales, Wife, White, Female,0,0,4, United-States
31, Private,168906, Bachelors,13, Divorced, Exec-managerial, Not-in-family, White, Female,0,0,50, United-States
32, State-gov,147215, Bachelors,13, Married-civ-spouse, Exec-managerial, Wife, White, Female,0,0,55, United-States
28, Private,153546, 11th,7, Divorced, Other-service, Unmarried, White, Female,0,0,40, United-States
34, Private,35595, Assoc-voc,11, Married-civ-spouse, Tech-support, Husband, White, Male,0,0,40, United-States
33, Private,225507, 10th,6, Never-married, Other-service, Own-child, White, Female,0,0,25, United-States
42, Private,345504, Assoc-voc,11, Divorced, Adm-clerical, Not-in-family, White, Female,0,0,35, United-States
64, Private,137205, Assoc-voc,11, Married-civ-spouse, Craft-repair, Husband, White, Male,0,0,48, United-States
29, Private,327779, Some-college,10, Married-civ-spouse, Handlers-cleaners, Husband, White, Male,0,0,20, United-States
45, Private,362883, Some-college,10, Married-civ-spouse, Transport-moving, Husband, White, Male,0,0,40, United-States
48, Private,131309, Masters,14, Married-civ-spouse, Prof-specialty, Husband, White, Male,0,0,45, United-States
44, Private,188331, Some-college,10, Separated, Tech-support, Not-in-family, White, Female,0,0,38, United-States
34, Federal-gov,194740, Some-college,10, Never-married, Adm-clerical, Not-in-family, White, Male,0,0,40, United-States
40, Private,43711, HS-grad,9, Never-married, Machine-op-inspct, Not-in-family, White, Male,0,0,45, United-States
45, Private,187033, HS-grad,9, Married-civ-spouse, Craft-repair, Husband, White, Male,0,2051,40, United-States
23, Private,233923, Some-college,10, Never-married, Other-service, Own-child, White, Female,0,0,20, United-States
51, Private,84278, Bachelors,13, Married-civ-spouse, Prof-specialty, Husband, White, Male,0,0,55, United-States
24, Private,437666, HS-grad,9, Married-civ-spouse, Craft-repair, Husband, White, Male,2885,0,50, United-States
57, Private,186386, Bachelors,13, Widowed, Prof-specialty, Unmarried, White, Male,10520,0,40, United-States
23, Private,129767, Some-college,10, Never-married, Adm-clerical, Not-in-family, White, Female,0,1721,40, United-States
34, Private,180284, Some-college,10, Married-civ-spouse, Farming-fishing, Husband, White, Male,0,0,40, United-States
36, Private,108320, HS-grad,9, Divorced, Machine-op-inspct, Not-in-family, White, Male,4101,0,40, United-States
56, Self-emp-inc,75214, Prof-school,15, Married-civ-spouse, Prof-specialty, Husband, White, Male,0,0,32, United-States
42, Private,284758, HS-grad,9, Divorced, Exec-managerial, Unmarried, White, Female,0,0,40, United-States
45, Self-emp-inc,188330, Bachelors,13, Married-civ-spouse, Exec-managerial, Husband, White, Male,0,0,60, United-States
38, Private,333651, Bachelors,13, Married-civ-spouse, Prof-specialty, Husband, White, Male,15024,0,70, United-States
29, Local-gov,115305, Assoc-voc,11, Married-civ-spouse, Protective-serv, Husband, White, Male,7688,0,40, United-States
54, Private,172962, Bachelors,13, Divorced, Prof-specialty, Not-in-family, White, Male,0,1340,40, United-States
40, Private,198096, HS-grad,9, Married-civ-spouse, Machine-op-inspct, Husband, White, Male,0,0,40, United-States
29, Private,163265, HS-grad,9, Married-civ-spouse, Transport-moving, Husband, White, Male,0,0,40, United-States
35, Federal-gov,128608, Bachelors,13, Never-married, Exec-managerial, Own-child, White, Male,0,0,40, United-States
47, Private,107460, HS-grad,9, Separated, Exec-managerial, Unmarried, White, Female,0,0,37, United-States
51, Private,251841, Assoc-voc,11, Never-married, Exec-managerial, Not-in-family, White, Female,0,0,43, United-States
58, Private,159378, HS-grad,9, Married-civ-spouse, Machine-op-inspct, Husband, White, Male,0,0,45, United-States
24, Private,170070, HS-grad,9, Never-married, Machine-op-inspct, Own-child, White, Female,0,0,25, United-States
46, State-gov,192323, HS-grad,9, Divorced, Exec-managerial, Not-in-family, White, Male,0,0,40, United-States
57, Private,135796, 10th,6, Married-civ-spouse, Machine-op-inspct, Husband, Black, Male,0,0,48, United-States
22, Private,232985, HS-grad,9, Never-married, Handlers-cleaners, Other-relative, White, Male,0,0,20, United-States
23, Private,236994, HS-grad,9, Never-married, Sales, Own-child, White, Male,0,0,60, United-States
19, Private,208366, HS-grad,9, Never-married, Handlers-cleaners, Not-in-family, White, Male,0,0,40, United-States
66, State-gov,102640, HS-grad,9, Widowed, Prof-specialty, Unmarried, Black, Female,0,0,35, United-States
38, Private,111377, Some-college,10, Married-civ-spouse, Exec-managerial, Husband, White, Male,0,0,55, United-States
39, Federal-gov,472166, Some-college,10, Divorced, Exec-managerial, Unmarried, Black, Female,0,0,40, United-States
47, Private,70943, HS-grad,9, Married-civ-spouse, Machine-op-inspct, Husband, White, Male,5178,0,40, United-States
39, Private,294919, HS-grad,9, Divorced, Transport-moving, Own-child, White, Male,0,0,60, United-States
22, Private,408383, Some-college,10, Never-married, Transport-moving, Own-child, White, Male,0,0,40, United-States
36, Private,255454, HS-grad,9, Never-married, Craft-repair, Own-child, Black, Male,0,0,30, United-States
43, Local-gov,125461, Bachelors,13, Never-married, Prof-specialty, Not-in-family, White, Male,0,0,40, United-States
51, Private,97005, HS-grad,9, Married-civ-spouse, Craft-repair, Husband, White, Male,0,0,40, United-States
42, Private,183319, 5th-6th,3, Married-civ-spouse, Craft-repair, Husband, White, Male,0,0,60, United-States
32, State-gov,167049, 12th,8, Never-married, Adm-clerical, Unmarried, White, Female,0,0,40, United-States
34, Private,185216, Some-college,10, Never-married, Adm-clerical, Own-child, White, Male,0,0,40, United-States
51, Private,161838, Assoc-voc,11, Married-civ-spouse, Craft-repair, Husband, White, Male,0,0,57, United-States
38, Private,165848, Bachelors,13, Married-civ-spouse, Sales, Husband, White, Male,0,0,44, United-States
21, Private,138816, HS-grad,9, Never-married, Handlers-cleaners, Own-child, Black, Male,0,0,20, United-States
33, Self-emp-not-inc,99761, Bachelors,13, Never-married, Other-service, Not-in-family, White, Female,0,0,15, United-States
34, Private,112139, HS-grad,9, Married-civ-spouse, Craft-repair, Husband, White, Male,0,0,40, United-States
32, Private,129020, HS-grad,9, Married-civ-spouse, Exec-managerial, Husband, White, Male,0,0,40, United-States
27, Self-emp-not-inc,259873, HS-grad,9, Married-civ-spouse, Other-service, Husband, Black, Male,0,0,60, United-States
35, Self-emp-inc,89622, Some-college,10, Married-civ-spouse, Sales, Husband, White, Male,0,0,50, United-States
29, State-gov,201556, Bachelors,13, Never-married, Prof-specialty, Not-in-family, White, Male,0,0,50, United-States
40, Private,176286, HS-grad,9, Married-civ-spouse, Craft-repair, Husband, White, Male,0,0,40, United-States
46, Private,192894, 7th-8th,4, Married-civ-spouse, Farming-fishing, Husband, Black, Male,0,0,30, United-States
21, Private,51262, HS-grad,9, Never-married, Other-service, Own-child, White, Male,0,0,35, United-States
75, Self-emp-inc,98116, Some-college,10, Widowed, Sales, Not-in-family, White, Male,0,0,40, United-States
47, Private,57534, Some-college,10, Married-civ-spouse, Craft-repair, Husband, White, Male,0,0,40, United-States
20, Private,218962, HS-grad,9, Never-married, Machine-op-inspct, Not-in-family, White, Male,0,0,40, United-States
33, Private,204752, HS-grad,9, Never-married, Other-service, Own-child, White, Male,0,0,40, United-States
41, Private,170299, Assoc-voc,11, Divorced, Prof-specialty, Unmarried, White, Female,0,0,43, United-States
23, Private,60331, HS-grad,9, Never-married, Machine-op-inspct, Own-child, White, Male,0,0,40, United-States
38, Private,269318, Bachelors,13, Married-civ-spouse, Adm-clerical, Husband, White, Male,5178,0,50, United-States
67, State-gov,132819, Some-college,10, Married-civ-spouse, Protective-serv, Husband, White, Male,0,0,41, United-States
21, Private,119665, Some-college,10, Never-married, Tech-support, Own-child, White, Male,0,0,35, United-States
38, Private,150057, Some-college,10, Never-married, Prof-specialty, Not-in-family, White, Male,0,0,45, United-States
31, Private,128567, HS-grad,9, Married-civ-spouse, Craft-repair, Husband, White, Male,0,0,40, United-States
59, Self-emp-not-inc,148526, Some-college,10, Married-civ-spouse, Sales, Husband, White, Male,0,0,40, United-States
36, Private,160192, HS-grad,9, Never-married, Other-service, Not-in-family, White, Male,0,0,40, United-States
50, Local-gov,74660, Some-college,10, Widowed, Prof-specialty, Unmarried, White, Male,0,0,40, United-States
60, Self-emp-inc,142494, 10th,6, Married-civ-spouse, Craft-repair, Husband, White, Male,0,0,40, United-States
30, Private,122042, Masters,14, Married-civ-spouse, Exec-managerial, Husband, White, Male,0,0,45, United-States
28, Self-emp-inc,37088, Bachelors,13, Never-married, Sales, Not-in-family, White, Male,0,0,50, United-States
36, Private,61778, Some-college,10, Married-civ-spouse, Craft-repair, Husband, White, Male,0,0,60, United-States
18, Private,89760, 12th,8, Never-married, Other-service, Own-child, White, Female,0,0,20, United-States
44, Local-gov,165304, Some-college,10, Married-civ-spouse, Exec-managerial, Husband, White, Male,0,1485,40, United-States
56, Private,104945, 7th-8th,4, Married-civ-spouse, Other-service, Husband, Black, Male,0,0,40, United-States
51, Self-emp-inc,192973, Bachelors,13, Married-civ-spouse, Protective-serv, Husband, Black, Male,0,0,40, United-States
31, Private,73585, Assoc-voc,11, Married-civ-spouse, Prof-specialty, Husband, White, Male,0,0,45, United-States
35, Private,29145, Assoc-voc,11, Never-married, Transport-moving, Not-in-family, White, Male,0,0,40, United-States
35, Private,175232, HS-grad,9, Divorced, Handlers-cleaners, Other-relative, White, Male,0,0,40, United-States
36, Private,325374, Some-college,10, Married-civ-spouse, Craft-repair, Husband, White, Male,0,0,40, United-States
47, Self-emp-not-inc,107231, Assoc-acdm,12, Married-civ-spouse, Craft-repair, Husband, White, Male,0,1672,65, United-States
23, Private,129345, Some-college,10, Never-married, Other-service, Not-in-family, White, Male,0,0,25, United-States
21, Private,228395, Some-college,10, Never-married, Sales, Other-relative, Black, Female,0,0,20, United-States
49, Private,452402, Some-college,10, Separated, Exec-managerial, Unmarried, Black, Female,0,0,60, United-States
51, Self-emp-inc,338260, Prof-school,15, Married-civ-spouse, Prof-specialty, Husband, White, Male,15024,0,60, United-States
46, Private,165138, Assoc-voc,11, Married-civ-spouse, Craft-repair, Husband, White, Male,0,0,40, United-States
31, Private,109055, HS-grad,9, Married-civ-spouse, Farming-fishing, Husband, White, Male,3137,0,45, United-States
27, Private,193122, HS-grad,9, Married-civ-spouse, Machine-op-inspct, Husband, White, Male,0,0,40, United-States
48, Private,191858, Some-college,10, Married-civ-spouse, Craft-repair, Husband, White, Male,0,0,40, United-States
30, Private,297155, Some-college,10, Divorced, Adm-clerical, Unmarried, Black, Female,0,0,40, United-States
29, Local-gov,181282, Bachelors,13, Divorced, Prof-specialty, Not-in-family, White, Male,0,0,50, United-States
50, Federal-gov,111700, Masters,14, Never-married, Exec-managerial, Not-in-family, White, Female,0,0,50, United-States
18, Private,35065, HS-grad,9, Never-married, Transport-moving, Not-in-family, Black, Male,0,0,35, United-States
37, Private,298539, HS-grad,9, Married-civ-spouse, Exec-managerial, Husband, White, Male,0,1902,55, United-States
51, Self-emp-not-inc,95435, HS-grad,9, Married-civ-spouse, Sales, Husband, White, Male,0,0,60, United-States
31, Private,162160, HS-grad,9, Married-civ-spouse, Craft-repair, Husband, White, Male,0,0,47, United-States
29, Private,176037, Assoc-voc,11, Divorced, Tech-support, Not-in-family, Black, Male,14344,0,40, United-States
39, Private,314007, 10th,6, Married-civ-spouse, Craft-repair, Husband, White, Male,0,2051,40, United-States
48, Private,197683, Some-college,10, Married-civ-spouse, Sales, Husband, Black, Male,0,0,40, United-States
44, Private,242521, Bachelors,13, Married-civ-spouse, Sales, Husband, White, Male,7688,0,50, United-States
39, Private,290321, 10th,6, Married-civ-spouse, Machine-op-inspct, Husband, White, Male,0,0,40, United-States
22, Local-gov,44064, 11th,7, Never-married, Handlers-cleaners, Own-child, White, Male,0,0,35, United-States
42, Private,374790, 9th,5, Divorced, Craft-repair, Not-in-family, White, Male,0,0,40, United-States
18, Private,231562, HS-grad,9, Never-married, Sales, Own-child, White, Female,0,0,33, United-States
27, Private,376150, Some-college,10, Married-spouse-absent, Sales, Not-in-family, White, Female,0,0,25, United-States
51, Private,99987, 10th,6, Separated, Machine-op-inspct, Unmarried, Black, Female,0,0,40, United-States
27, Self-emp-not-inc,120126, Some-college,10, Married-civ-spouse, Exec-managerial, Husband, White, Male,0,0,40, United-States
60, Self-emp-not-inc,33717, 11th,7, Married-civ-spouse, Farming-fishing, Husband, White, Male,0,0,50, United-States
40, Private,100292, HS-grad,9, Married-civ-spouse, Sales, Husband, White, Male,0,0,52, United-States
63, Private,117473, Some-college,10, Married-civ-spouse, Prof-specialty, Husband, White, Male,4386,0,40, United-States
41, Private,239833, HS-grad,9, Married-spouse-absent, Transport-moving, Unmarried, Black, Male,0,0,50, United-States
34, Private,347166, Some-college,10, Married-civ-spouse, Adm-clerical, Husband, White, Male,0,0,40, United-States
31, Private,502752, Bachelors,13, Married-civ-spouse, Adm-clerical, Wife, White, Female,0,0,40, United-States
22, State-gov,255575, Assoc-acdm,12, Never-married, Prof-specialty, Not-in-family, White, Female,0,0,15, United-States
49, Private,277946, Some-college,10, Married-civ-spouse, Exec-managerial, Husband, White, Male,0,0,50, United-States
36, Private,143123, Prof-school,15, Married-civ-spouse, Prof-specialty, Husband, White, Male,0,0,50, United-States
27, Private,69132, Bachelors,13, Never-married, Tech-support, Not-in-family, White, Male,0,0,37, United-States
52, Self-emp-not-inc,34973, HS-grad,9, Married-civ-spouse, Farming-fishing, Husband, White, Male,0,1887,60, United-States
29, Private,236992, HS-grad,9, Married-civ-spouse, Other-service, Husband, Black, Male,0,0,50, United-States
42, Private,180019, HS-grad,9, Never-married, Other-service, Not-in-family, White, Female,0,0,65, United-States
49, Self-emp-not-inc,47086, Bachelors,13, Widowed, Sales, Unmarried, White, Female,0,0,40, United-States
24, Private,222853, Some-college,10, Never-married, Craft-repair, Unmarried, White, Male,0,0,50, United-States
22, Private,344176, HS-grad,9, Never-married, Sales, Unmarried, White, Male,0,0,20, United-States
30, Self-emp-not-inc,223212, Bachelors,13, Never-married, Sales, Unmarried, White, Male,0,0,40, United-States
28, Private,110981, Some-college,10, Never-married, Other-service, Not-in-family, White, Male,0,0,40, United-States
20, Private,162688, Assoc-voc,11, Never-married, Other-service, Own-child, White, Male,0,0,40, United-States
45, Self-emp-inc,181307, Prof-school,15, Married-civ-spouse, Prof-specialty, Husband, White, Male,15024,0,43, United-States
39, Private,148903, HS-grad,9, Divorced, Sales, Not-in-family, White, Female,4687,0,50, United-States
18, Private,210311, HS-grad,9, Never-married, Sales, Own-child, White, Female,0,0,20, United-States
53, Private,127117, HS-grad,9, Married-civ-spouse, Machine-op-inspct, Husband, White, Male,0,0,40, United-States
74, Private,54732, Some-college,10, Married-civ-spouse, Sales, Husband, White, Male,0,0,20, United-States
49, Private,543922, HS-grad,9, Married-civ-spouse, Craft-repair, Husband, White, Male,0,0,42, United-States
21, Private,766115, 10th,6, Married-civ-spouse, Handlers-cleaners, Husband, White, Male,0,0,35, United-States
39, Private,284166, HS-grad,9, Never-married, Craft-repair, Not-in-family, White, Male,0,1564,50, United-States
49, Private,122206, Assoc-voc,11, Married-civ-spouse, Sales, Husband, White, Male,0,0,25, United-States
47, Private,334039, Bachelors,13, Married-civ-spouse, Exec-managerial, Husband, White, Male,7298,0,44, United-States
46, Self-emp-not-inc,225456, HS-grad,9, Married-civ-spouse, Exec-managerial, Husband, White, Male,0,0,40, United-States
29, Private,112847, Assoc-voc,11, Married-civ-spouse, Craft-repair, Husband, Asian-Pac-Islander, Male,7298,0,32, United-States
61, Self-emp-not-inc,171840, HS-grad,9, Widowed, Prof-specialty, Unmarried, White, Female,0,0,16, United-States
48, Private,180695, Some-college,10, Divorced, Exec-managerial, Not-in-family, White, Female,0,0,38, United-States
44, Private,121012, 9th,5, Divorced, Craft-repair, Not-in-family, White, Male,0,0,40, United-States
37, Self-emp-inc,126569, Bachelors,13, Married-civ-spouse, Craft-repair, Husband, White, Male,0,0,60, United-States
45, Private,227791, Some-college,10, Married-civ-spouse, Sales, Husband, White, Male,0,1740,50, United-States
51, Self-emp-not-inc,290290, Bachelors,13, Married-civ-spouse, Prof-specialty, Husband, White, Male,0,0,45, United-States
33, Local-gov,251521, Bachelors,13, Never-married, Exec-managerial, Not-in-family, White, Female,0,0,50, United-States
55, Self-emp-not-inc,41938, Bachelors,13, Married-civ-spouse, Prof-specialty, Wife, White, Female,0,0,8, United-States
25, Private,27678, Some-college,10, Married-civ-spouse, Other-service, Wife, White, Female,0,0,60, United-States
54, Private,215990, HS-grad,9, Married-civ-spouse, Exec-managerial, Husband, White, Male,0,0,40, United-States
38, Private,461337, HS-grad,9, Never-married, Sales, Not-in-family, White, Female,0,0,33, United-States
39, Local-gov,344855, Masters,14, Married-civ-spouse, Prof-specialty, Wife, White, Female,0,1977,20, United-States
20, State-gov,214542, Some-college,10, Never-married, Prof-specialty, Own-child, White, Male,0,0,40, United-States
30, Private,258170, HS-grad,9, Divorced, Adm-clerical, Not-in-family, White, Female,0,0,40, United-States
29, Federal-gov,242147, HS-grad,9, Divorced, Adm-clerical, Not-in-family, Other, Male,0,0,45, United-States
42, Private,235700, HS-grad,9, Divorced, Handlers-cleaners, Not-in-family, White, Female,0,0,40, United-States
24, Private,278130, Assoc-acdm,12, Never-married, Adm-clerical, Not-in-family, White, Male,0,0,40, United-States
36, Private,261241, HS-grad,9, Married-civ-spouse, Machine-op-inspct, Husband, White, Male,0,0,50, United-States
42, Private,340885, HS-grad,9, Divorced, Farming-fishing, Not-in-family, White, Male,0,0,44, United-States
42, Private,152889, 10th,6, Married-civ-spouse, Craft-repair, Husband, White, Male,0,0,45, United-States
52, State-gov,109600, Masters,14, Married-spouse-absent, Exec-managerial, Unmarried, White, Female,4787,0,44, United-States
43, Private,158177, Some-college,10, Divorced, Adm-clerical, Unmarried, Black, Female,0,0,35, United-States
43, State-gov,47818, Bachelors,13, Never-married, Prof-specialty, Not-in-family, White, Female,0,0,40, United-States
27, Private,391468, 11th,7, Divorced, Craft-repair, Own-child, White, Male,0,0,40, United-States
52, Local-gov,199995, Masters,14, Married-civ-spouse, Exec-managerial, Husband, White, Male,7298,0,60, United-States
31, Private,231043, Some-college,10, Married-civ-spouse, Transport-moving, Husband, White, Male,0,0,50, United-States
44, Private,267790, 9th,5, Never-married, Other-service, Unmarried, Black, Female,0,0,40, United-States
27, Private,217379, Some-college,10, Divorced, Prof-specialty, Own-child, White, Female,0,0,40, United-States
50, Private,421561, Some-college,10, Divorced, Exec-managerial, Not-in-family, White, Male,0,0,40, United-States
23, Private,50953, Some-college,10, Never-married, Tech-support, Not-in-family, White, Female,0,0,40, United-States
22, Private,138504, Some-college,10, Never-married, Adm-clerical, Unmarried, Black, Female,0,0,30, United-States
36, State-gov,177064, Some-college,10, Never-married, Exec-managerial, Unmarried, White, Female,0,0,40, United-States
24, Private,103064, Bachelors,13, Never-married, Tech-support, Not-in-family, White, Female,3674,0,40, United-States
59, Private,184493, Some-college,10, Married-civ-spouse, Sales, Husband, White, Male,0,0,40, United-States
39, Private,104089, Assoc-voc,11, Married-civ-spouse, Craft-repair, Husband, White, Male,0,0,50, United-States
23, Private,149204, Bachelors,13, Never-married, Exec-managerial, Own-child, White, Male,0,0,40, United-States
37, Private,405284, Bachelors,13, Never-married, Prof-specialty, Not-in-family, White, Female,0,1340,42, United-States
25, Local-gov,137296, Assoc-acdm,12, Never-married, Adm-clerical, Own-child, Black, Female,0,0,38, United-States
40, Private,87771, HS-grad,9, Married-civ-spouse, Craft-repair, Wife, White, Female,0,1628,45, United-States
31, Private,59083, HS-grad,9, Married-civ-spouse, Other-service, Husband, White, Male,0,0,35, United-States
28, Local-gov,138332, Doctorate,16, Divorced, Prof-specialty, Not-in-family, White, Female,0,0,40, United-States
24, Private,198914, HS-grad,9, Never-married, Sales, Unmarried, Black, Male,0,0,25, United-States
46, Local-gov,238162, Assoc-acdm,12, Married-civ-spouse, Protective-serv, Husband, White, Male,0,1887,50, United-States
38, Federal-gov,325538, Prof-school,15, Married-civ-spouse, Prof-specialty, Husband, White, Male,0,0,50, United-States
53, Private,251063, Some-college,10, Separated, Exec-managerial, Unmarried, Black, Female,0,0,40, United-States
33, Private,51471, HS-grad,9, Married-civ-spouse, Tech-support, Wife, White, Female,0,1902,40, United-States
44, Private,165599, HS-grad,9, Married-civ-spouse, Machine-op-inspct, Husband, White, Male,0,0,48, United-States
30, Private,143526, Bachelors,13, Never-married, Sales, Own-child, White, Male,0,0,40, United-States
24, Private,211160, Some-college,10, Married-civ-spouse, Sales, Husband, White, Male,0,0,40, United-States
29, Private,342989, HS-grad,9, Never-married, Adm-clerical, Own-child, White, Female,0,0,40, United-States
62, Self-emp-not-inc,173631, Some-college,10, Married-civ-spouse, Exec-managerial, Husband, White, Male,0,0,70, United-States
25, Private,141876, HS-grad,9, Married-spouse-absent, Exec-managerial, Not-in-family, White, Male,0,0,45, United-States
45, Private,137604, Some-college,10, Never-married, Other-service, Not-in-family, White, Male,0,0,40, United-States
21, Private,129232, Some-college,10, Never-married, Craft-repair, Own-child, White, Male,0,0,40, United-States
64, Federal-gov,271550, Some-college,10, Married-civ-spouse, Transport-moving, Husband, White, Male,0,0,40, United-States
39, Private,456922, Bachelors,13, Divorced, Tech-support, Not-in-family, White, Male,0,0,40, United-States
60, Private,232242, HS-grad,9, Married-civ-spouse, Sales, Husband, White, Male,0,0,40, United-States
35, Private,352188, HS-grad,9, Never-married, Tech-support, Not-in-family, White, Male,0,0,40, United-States
27, Private,114967, Bachelors,13, Never-married, Tech-support, Not-in-family, White, Male,0,0,40, United-States
41, Private,201981, HS-grad,9, Divorced, Craft-repair, Own-child, White, Male,0,0,40, United-States
32, State-gov,159247, Masters,14, Married-civ-spouse, Prof-specialty, Husband, White, Male,0,0,50, United-States
24, Private,125905, HS-grad,9, Married-civ-spouse, Craft-repair, Husband, White, Male,0,0,40, United-States
32, Private,186824, Bachelors,13, Married-civ-spouse, Craft-repair, Husband, White, Male,0,0,40, United-States
42, Local-gov,121012, Some-college,10, Married-civ-spouse, Exec-managerial, Husband, White, Male,0,0,45, United-States
58, Private,110844, Masters,14, Widowed, Sales, Not-in-family, White, Female,0,0,27, United-States
31, Federal-gov,59732, HS-grad,9, Married-civ-spouse, Farming-fishing, Husband, Amer-Indian-Eskimo, Male,0,0,40, United-States
37, Private,109633, Bachelors,13, Married-civ-spouse, Prof-specialty, Wife, White, Female,0,0,16, United-States
19, Private,160811, HS-grad,9, Never-married, Sales, Own-child, White, Male,0,0,38, United-States
27, Self-emp-not-inc,365110, Bachelors,13, Never-married, Prof-specialty, Not-in-family, White, Female,0,0,20, United-States
61, Self-emp-not-inc,113080, 9th,5, Married-civ-spouse, Sales, Husband, White, Male,0,0,58, United-States
39, Private,206074, Bachelors,13, Married-civ-spouse, Prof-specialty, Husband, White, Male,0,0,45, United-States
25, Private,173062, Bachelors,13, Never-married, Handlers-cleaners, Unmarried, Black, Male,0,0,40, United-States
58, Private,117273, Some-college,10, Married-civ-spouse, Sales, Husband, White, Male,0,0,40, United-States
51, Private,293802, 5th-6th,3, Married-civ-spouse, Handlers-cleaners, Husband, Black, Male,0,0,52, United-States
43, Local-gov,153132, Masters,14, Married-civ-spouse, Prof-specialty, Husband, White, Male,15024,0,40, United-States
46, Private,166809, HS-grad,9, Divorced, Adm-clerical, Unmarried, White, Female,0,0,40, United-States
50, Local-gov,231725, HS-grad,9, Married-civ-spouse, Handlers-cleaners, Husband, White, Male,0,0,40, United-States
20, Private,63210, HS-grad,9, Never-married, Handlers-cleaners, Own-child, White, Male,0,0,15, United-States
35, Private,108293, Bachelors,13, Widowed, Prof-specialty, Unmarried, White, Female,0,0,32, United-States
42, Local-gov,180318, 10th,6, Never-married, Farming-fishing, Unmarried, White, Male,0,0,35, United-States
67, Self-emp-inc,112318, 10th,6, Married-civ-spouse, Craft-repair, Husband, White, Male,0,0,40, United-States
47, Private,252079, Bachelors,13, Married-civ-spouse, Machine-op-inspct, Husband, White, Male,7688,0,44, United-States
30, Private,27153, HS-grad,9, Never-married, Handlers-cleaners, Not-in-family, White, Male,0,0,50, United-States
26, Private,73312, 11th,7, Never-married, Machine-op-inspct, Unmarried, White, Female,0,0,15, United-States
51, Private,145409, HS-grad,9, Married-civ-spouse, Craft-repair, Husband, White, Male,0,0,40, United-States
24, Private,236696, HS-grad,9, Married-civ-spouse, Handlers-cleaners, Own-child, White, Male,0,0,35, United-States
48, Self-emp-not-inc,28791, HS-grad,9, Married-civ-spouse, Sales, Wife, White, Female,0,0,50, United-States
70, Private,187292, Bachelors,13, Married-civ-spouse, Handlers-cleaners, Husband, White, Male,6418,0,40, United-States
35, Private,189922, HS-grad,9, Married-civ-spouse, Craft-repair, Husband, White, Male,0,0,40, United-States
26, Private,173992, Some-college,10, Married-civ-spouse, Craft-repair, Husband, White, Male,0,0,45, United-States
64, Private,253759, HS-grad,9, Never-married, Exec-managerial, Not-in-family, White, Male,0,0,3, United-States
26, Private,111243, HS-grad,9, Never-married, Adm-clerical, Unmarried, White, Female,0,0,35, United-States
39, Self-emp-not-inc,147850, HS-grad,9, Married-civ-spouse, Transport-moving, Husband, White, Male,0,0,30, United-States
55, Private,171015, Some-college,10, Never-married, Adm-clerical, Own-child, White, Female,0,0,36, United-States
33, Self-emp-not-inc,361497, HS-grad,9, Married-civ-spouse, Craft-repair, Husband, White, Male,0,0,40, United-States
31, Private,137290, Bachelors,13, Married-civ-spouse, Exec-managerial, Husband, White, Male,0,0,55, United-States
28, Local-gov,401886, HS-grad,9, Never-married, Adm-clerical, Other-relative, White, Male,0,0,20, United-States
50, Private,201882, Masters,14, Married-civ-spouse, Machine-op-inspct, Husband, White, Male,0,0,30, United-States
26, Local-gov,30793, Bachelors,13, Married-civ-spouse, Prof-specialty, Wife, White, Female,0,0,55, United-States
44, Federal-gov,139161, Assoc-acdm,12, Divorced, Adm-clerical, Not-in-family, Black, Female,0,1741,40, United-States
51, Private,210736, HS-grad,9, Married-spouse-absent, Craft-repair, Not-in-family, White, Male,0,0,40, United-States
34, Private,167781, HS-grad,9, Married-civ-spouse, Other-service, Husband, White, Male,0,0,50, United-States
37, Private,103986, Bachelors,13, Married-civ-spouse, Prof-specialty, Husband, White, Male,7688,0,39, United-States
29, Private,144592, Prof-school,15, Married-civ-spouse, Prof-specialty, Husband, White, Male,0,0,50, United-States
24, Private,493034, Bachelors,13, Never-married, Prof-specialty, Not-in-family, Black, Male,0,0,40, United-States
27, Private,184078, Assoc-voc,11, Divorced, Adm-clerical, Unmarried, White, Female,0,0,40, United-States
44, Private,191814, Some-college,10, Married-civ-spouse, Craft-repair, Husband, White, Male,0,0,45, United-States
24, Private,329852, HS-grad,9, Never-married, Machine-op-inspct, Not-in-family, White, Male,0,0,40, United-States
54, Private,223660, HS-grad,9, Married-civ-spouse, Exec-managerial, Husband, White, Male,0,0,55, United-States
47, Private,177087, Some-college,10, Separated, Adm-clerical, Unmarried, White, Female,0,0,50, United-States
30, Private,143766, HS-grad,9, Never-married, Other-service, Not-in-family, White, Male,0,0,30, United-States
35, Private,234271, Some-college,10, Divorced, Adm-clerical, Not-in-family, White, Female,0,0,40, United-States
39, Federal-gov,314822, Some-college,10, Married-civ-spouse, Adm-clerical, Husband, Black, Male,0,0,40, United-States
42, Private,195584, Assoc-acdm,12, Separated, Adm-clerical, Unmarried, Black, Female,0,0,40, United-States
70, Self-emp-inc,207938, Bachelors,13, Married-civ-spouse, Exec-managerial, Husband, White, Male,0,2377,50, United-States
36, Private,279485, HS-grad,9, Never-married, Exec-managerial, Not-in-family, White, Female,0,0,38, United-States
44, Private,267717, Masters,14, Married-civ-spouse, Prof-specialty, Husband, White, Male,0,0,42, United-States
20, Private,163665, Some-college,10, Never-married, Transport-moving, Own-child, White, Female,0,0,17, United-States
29, Private,200468, 10th,6, Never-married, Prof-specialty, Not-in-family, White, Male,0,0,40, United-States
27, Private,91501, HS-grad,9, Married-civ-spouse, Tech-support, Wife, White, Female,0,0,40, United-States
30, Private,182771, Masters,14, Married-civ-spouse, Prof-specialty, Husband, Asian-Pac-Islander, Male,0,0,40, United-States
59, Self-emp-not-inc,56392, Some-college,10, Married-civ-spouse, Farming-fishing, Husband, White, Male,0,1579,60, United-States
31, Private,20511, Bachelors,13, Never-married, Other-service, Not-in-family, White, Female,0,0,25, United-States
